949,mid
918,mid
4912,mid
918,mid
918,mid
918,mid
918,mid
2483,mid
1730,mid
918,mid
4771,mid
918,mid
918,mid
918,mid
1601,mid
918,mid
1524,mid
1601,mid
918,mid
918,mid
1054,mid
1717,mid
1195,mid
918,mid
918,mid
4878,mid
1601,mid
918,mid
918,mid
918,mid
918,mid
1201,mid
918,mid
4821,mid
918,mid
1201,mid
572,mid
572,mid
918,mid
918,mid
169,mid
918,mid
4717,mid
1054,mid
918,mid
918,mid
918,mid
1730,mid
918,mid
918,mid
918,mid
918,mid
918,mid
918,mid
226,mid
918,mid
572,mid
918,mid
918,mid
2293,mid
572,mid
4878,mid
918,mid
918,mid
637,mid
4821,mid
4912,mid
8626,mid
572,mid
8374,mid
918,mid
2483,mid
918,mid
1601,mid
918,mid
1601,mid
190,mid
1201,mid
918,mid
918,mid
918,mid
918,mid
918,mid
918,mid
1201,mid
913,mid
4912,mid
1918,mid
918,mid
918,mid
918,mid
4771,mid
6641,mid
1054,mid
1894,mid
918,mid
918,mid
918,mid
6641,mid
918,mid
918,mid
1195,mid
918,mid
4912,mid
4717,mid
6641,mid
918,mid
7528,mid
2733,mid
1201,mid
918,mid
918,mid
918,mid
4821,mid
6641,mid
918,mid
918,mid
4912,mid
1918,mid
918,mid
2881,mid
918,mid
1432,mid
1730,mid
4912,mid
1195,mid
4912,mid
1432,mid
918,mid
1054,mid
572,mid
918,mid
4912,mid
918,mid
1918,mid
918,mid
918,mid
2733,mid
572,mid
1195,mid
1201,mid
918,mid
637,mid
4878,mid
918,mid
918,mid
918,mid
918,mid
572,mid
1054,mid
918,mid
1201,mid
949,mid
918,mid
918,mid
572,mid
918,mid
918,mid
6641,mid
1195,mid
918,mid
4912,mid
918,mid
918,mid
918,mid
918,mid
918,mid
918,mid
7528,mid
1201,mid
918,mid
1717,mid
918,mid
1054,mid
918,mid
918,mid
572,mid
1601,mid
918,mid
918,mid
918,mid
8374,mid
1432,mid
1201,mid
2177,mid
918,mid
918,mid
6070,mid
918,mid
2618,mid
918,mid
918,mid
918,mid
918,mid
1601,mid
918,mid
1601,mid
918,mid
2293,mid
